employee_id,birthdate,name,role
ADMIN001,19800101,選挙管理 太郎,admin
ADMIN002,19780315,選挙管理 花子,admin
STAFF001,19821215,片山 節子,reception
STAFF002,19940206,西村 京子,reception
STAFF003,19660208,原 花子,reception
STAFF004,19920319,佐々木 裕子,reception
STAFF005,19990716,松井 美月,reception
EMP0001,19900607,田中 太郎,voter
EMP0002,19980911,片山 直樹,voter
EMP0003,19990920,平野 太郎,voter
EMP0004,19831211,柴田 智子,voter
EMP0005,19850720,竹内 一郎,voter
EMP0006,19660320,丸山 弘子,voter
EMP0007,19860216,宮本 弘子,voter
EMP0008,19691016,安藤 浩二,voter
EMP0009,19880226,浜田 遥,voter
EMP0010,19970314,山口 節子,voter
EMP0011,19980201,田中 清,voter
EMP0012,19730607,久保 翔太,voter
EMP0013,19710719,渡辺 美紀,voter
EMP0014,20001125,小川 美紀,voter
EMP0015,19681105,佐藤 弘子,voter
EMP0016,19650113,藤田 二郎,voter
EMP0017,19800508,三浦 美紀,voter
EMP0018,19901224,宮崎 智子,voter
EMP0019,19890823,福島 隆,voter
EMP0020,19950121,久保田 結衣,voter
EMP0021,19900609,井上 敏夫,voter
EMP0022,19940921,松田 太郎,voter
EMP0023,19650423,松田 直樹,voter
EMP0024,19790318,石田 正人,voter
EMP0025,19930503,藤原 彩花,voter
EMP0026,19691001,井上 美月,voter
EMP0027,19771120,金子 直樹,voter
EMP0028,19991002,長谷川 和子,voter
EMP0029,19820420,内田 雄太,voter
EMP0030,19780724,西村 太郎,voter
EMP0031,19840811,安藤 陽菜,voter
EMP0032,19650712,平野 大翔,voter
EMP0033,19830506,井上 陸,voter
EMP0034,19681225,宮崎 美咲,voter
EMP0035,19911005,秋山 恵子,voter
EMP0036,19670421,藤田 由美子,voter
EMP0037,19650327,村上 幸一,voter
EMP0038,19860612,藤井 健一,voter
EMP0039,19700809,中川 弘,voter
EMP0040,19821216,木村 和彦,voter
EMP0041,19651005,杉山 幸一,voter
EMP0042,19730514,阿部 美月,voter
EMP0043,19841205,森 湊,voter
EMP0044,19821203,林 大輔,voter
EMP0045,20000608,中村 美咲,voter
EMP0046,19810507,服部 智子,voter
EMP0047,19710327,和田 一郎,voter
EMP0048,19990805,柴田 美月,voter
EMP0049,19900526,村上 二郎,voter
EMP0050,19911202,菊地 直美,voter
EMP0051,19830405,藤井 真由美,voter
EMP0052,19660803,服部 美咲,voter
EMP0053,19760123,橋本 幸一,voter
EMP0054,19940303,佐々木 蓮,voter
EMP0055,19771222,吉田 清,voter
EMP0056,19671016,服部 久美子,voter
EMP0057,19700201,土屋 理恵,voter
EMP0058,19711021,片山 進,voter
EMP0059,19680920,服部 心春,voter
EMP0060,19680427,前田 弘子,voter
EMP0061,19880824,後藤 凛,voter
EMP0062,19910327,林 誠,voter
EMP0063,19880812,松尾 颯太,voter
EMP0064,19730911,上田 蓮,voter
EMP0065,19680408,岡本 清,voter
EMP0066,19681016,工藤 蓮,voter
EMP0067,19820622,藤田 信二,voter
EMP0068,19900301,野村 光一,voter
EMP0069,19850123,清水 京子,voter
EMP0070,19860312,柴田 颯太,voter
EMP0071,19760804,前田 光一,voter
EMP0072,19930711,杉山 幸一,voter
EMP0073,19921202,高木 進,voter
EMP0074,19930623,遠藤 陸,voter
EMP0075,19901210,橋本 雄太,voter
EMP0076,19711015,中島 光一,voter
EMP0077,19860527,宮崎 幸一,voter
EMP0078,19720122,石川 心春,voter
EMP0079,19941009,太田 直美,voter
EMP0080,19951115,山田 勇,voter
EMP0081,19941004,佐々木 京子,voter
EMP0082,19951019,工藤 幸子,voter
EMP0083,19941019,横山 健一,voter
EMP0084,19811001,岡田 久美子,voter
EMP0085,19900528,柴田 豊,voter
EMP0086,19830304,北村 雄太,voter
EMP0087,19690211,市川 彩花,voter
EMP0088,19801216,桜井 久美子,voter
EMP0089,19800416,佐藤 明美,voter
EMP0090,19890528,渡辺 信二,voter
EMP0091,19870826,野村 悠斗,voter
EMP0092,19871001,小川 愛,voter
EMP0093,19880101,岡本 健太,voter
EMP0094,19870526,小島 洋子,voter
EMP0095,19650326,木下 恵子,voter
EMP0096,19840209,原田 健一,voter
EMP0097,19920314,石田 豊,voter
EMP0098,19930706,北村 秀樹,voter
EMP0099,19880114,小島 陸,voter
EMP0100,19870409,遠藤 正人,voter
EMP0101,19910223,藤田 誠,voter
EMP0102,19661025,小林 信二,voter
EMP0103,19830117,青木 由美子,voter
EMP0104,19690623,野口 颯太,voter
EMP0105,19840907,堀 二郎,voter
EMP0106,19820215,岡本 颯太,voter
EMP0107,19910607,松本 豊,voter
EMP0108,19771014,平野 隆,voter
EMP0109,19721214,横山 悠斗,voter
EMP0110,19891204,北村 京子,voter
EMP0111,19900511,久保 秀樹,voter
EMP0112,19840402,藤田 花子,voter
EMP0113,19851106,竹内 信二,voter
EMP0114,19691022,宮本 久美子,voter
EMP0115,19861124,佐藤 和彦,voter
EMP0116,19670818,岩崎 直美,voter
EMP0117,19880201,桜井 美月,voter
EMP0118,19830620,安藤 清,voter
EMP0119,19990113,松田 典子,voter
EMP0120,19830719,服部 花子,voter
EMP0121,19740824,吉田 美月,voter
EMP0122,19730214,工藤 心春,voter
EMP0123,19860201,鈴木 弘,voter
EMP0124,19840404,秋山 花子,voter
EMP0125,19781211,松田 陸,voter
EMP0126,19940116,望月 心春,voter
EMP0127,19880914,藤田 典子,voter
EMP0128,19820414,久保田 颯太,voter
EMP0129,19930111,望月 一郎,voter
EMP0130,19651213,工藤 清,voter
EMP0131,19671021,池田 七海,voter
EMP0132,19750125,田中 誠,voter
EMP0133,19750315,安藤 修,voter
EMP0134,19971107,三浦 大翔,voter
EMP0135,19870404,高橋 真由美,voter
EMP0136,19811123,北村 敏夫,voter
EMP0137,19960102,福島 博,voter
EMP0138,19790426,中村 典子,voter
EMP0139,19890309,浜田 修,voter
EMP0140,19790424,今井 彩花,voter
EMP0141,19890103,杉山 さくら,voter
EMP0142,19701221,三宅 豊,voter
EMP0143,19760720,佐藤 翔太,voter
EMP0144,19900427,松井 敏夫,voter
EMP0145,19850223,三宅 博,voter
EMP0146,19920806,藤原 修,voter
EMP0147,19960611,中野 湊,voter
EMP0148,19790809,金子 弘子,voter
EMP0149,19721208,小島 颯太,voter
EMP0150,19970313,宮本 信二,voter
EMP0151,19880513,片山 さくら,voter
EMP0152,19940201,井上 直美,voter
EMP0153,19880128,藤原 さくら,voter
EMP0154,19650512,土屋 豊,voter
EMP0155,19960716,遠藤 由美子,voter
EMP0156,19750513,秋山 美咲,voter
EMP0157,19790406,三宅 直美,voter
EMP0158,19650122,服部 智子,voter
EMP0159,20000417,野口 博,voter
EMP0160,19760602,小島 結衣,voter
EMP0161,19661215,佐藤 雄太,voter
EMP0162,19780228,中野 朝陽,voter
EMP0163,19681001,松井 陽太,voter
EMP0164,19731226,藤原 進,voter
EMP0165,19660112,岡本 真由美,voter
EMP0166,19870625,土屋 凛,voter
EMP0167,19990903,大塚 結衣,voter
EMP0168,19971103,渡辺 心春,voter
EMP0169,19881216,松尾 健太,voter
EMP0170,19990624,金子 翔太,voter
EMP0171,19780925,竹内 秀樹,voter
EMP0172,19880925,山口 さくら,voter
EMP0173,19820202,和田 悠斗,voter
EMP0174,19680212,柴田 修,voter
EMP0175,19731225,吉田 太郎,voter
EMP0176,19660221,浜田 和也,voter
EMP0177,19771115,千葉 結衣,voter
EMP0178,20000627,中島 清,voter
EMP0179,19861110,望月 光一,voter
EMP0180,19990725,青木 典子,voter
EMP0181,19811125,上田 悠斗,voter
EMP0182,19770616,内田 敏夫,voter
EMP0183,19820723,内田 和彦,voter
EMP0184,19710201,岡田 遥,voter
EMP0185,19731222,佐藤 健太,voter
EMP0186,19690723,近藤 典子,voter
EMP0187,19710521,山本 正人,voter
EMP0188,19820204,谷口 陽太,voter
EMP0189,19730808,浜田 秀樹,voter
EMP0190,19650619,石田 彩花,voter
EMP0191,19880518,遠藤 蓮,voter
EMP0192,19951014,望月 裕子,voter
EMP0193,19970822,原 朝陽,voter
EMP0194,19670117,宮本 彩花,voter
EMP0195,19711006,清水 颯太,voter
EMP0196,19921003,伊藤 悠太,voter
EMP0197,19990312,前田 大輔,voter
EMP0198,19850125,松尾 凛,voter
EMP0199,19970204,清水 拓也,voter
EMP0200,19830622,秋山 遥,voter
EMP0201,19970227,岩崎 美紀,voter
EMP0202,19950227,藤田 蓮,voter
EMP0203,19970806,鈴木 浩二,voter
EMP0204,19971123,望月 博,voter
EMP0205,19980724,青木 勇,voter
EMP0206,19991202,遠藤 颯太,voter
EMP0207,19861118,谷口 修,voter
EMP0208,19770907,中山 理恵,voter
EMP0209,19820305,前田 幸一,voter
EMP0210,19870625,柴田 明美,voter
EMP0211,19980704,山田 直美,voter
EMP0212,19920722,小野 大翔,voter
EMP0213,19861009,塚本 花子,voter
EMP0214,19980602,小川 恵子,voter
EMP0215,19660203,柴田 健太,voter
EMP0216,19790921,久保 幸子,voter
EMP0217,19720118,杉山 朝陽,voter
EMP0218,19820906,長谷川 節子,voter
EMP0219,19741126,柴田 京子,voter
EMP0220,19770915,今井 弘子,voter
EMP0221,19710309,小野 弘,voter
EMP0222,19891213,大塚 浩二,voter
EMP0223,19980826,佐藤 美紀,voter
EMP0224,19820803,加藤 健一,voter
EMP0225,19830109,岩崎 湊,voter
EMP0226,19910215,内田 遥,voter
EMP0227,19760616,吉田 陽菜,voter
EMP0228,19690720,浜田 蓮,voter
EMP0229,19821111,新井 進,voter
EMP0230,19730512,金子 幸子,voter
EMP0231,19750401,石川 陽子,voter
EMP0232,19880913,太田 弘子,voter
EMP0233,19690120,横山 大翔,voter
EMP0234,19881023,池田 智子,voter
EMP0235,19960820,秋山 拓也,voter
EMP0236,19770313,中野 和也,voter
EMP0237,19871112,松本 洋子,voter
EMP0238,20000811,松本 誠,voter
EMP0239,19810513,木下 節子,voter
EMP0240,19790610,小林 弘,voter
EMP0241,19730324,秋山 三郎,voter
EMP0242,19990627,阿部 陸,voter
EMP0243,19841213,望月 節子,voter
EMP0244,19680325,佐藤 和子,voter
EMP0245,19981122,福島 花子,voter
EMP0246,19830116,横山 翔太,voter
EMP0247,19850209,田中 弘子,voter
EMP0248,19961204,河野 達也,voter
EMP0249,19861008,加藤 由美子,voter
EMP0250,20000326,今井 陽子,voter
EMP0251,19870314,佐藤 直美,voter
EMP0252,19920906,松田 清,voter
EMP0253,19821218,三浦 大翔,voter
EMP0254,20000715,松本 心春,voter
EMP0255,19840221,橋本 真由美,voter
EMP0256,19770801,小川 大翔,voter
EMP0257,19931119,石川 陽子,voter
EMP0258,19950909,工藤 弘子,voter
EMP0259,19650126,浜田 悠斗,voter
EMP0260,19760402,和田 秀樹,voter
EMP0261,19900515,工藤 恵子,voter
EMP0262,19700912,片山 二郎,voter
EMP0263,19910528,清水 陽菜,voter
EMP0264,19680708,野村 清,voter
EMP0265,19650622,福田 陽太,voter
EMP0266,19750917,小林 健太,voter
EMP0267,19931022,伊藤 隆,voter
EMP0268,19680106,野村 清,voter
EMP0269,19840120,佐藤 和也,voter
EMP0270,19931202,酒井 典子,voter
EMP0271,19710910,太田 健一,voter
EMP0272,19680421,太田 浩二,voter
EMP0273,19710120,小林 彩花,voter
EMP0274,19850801,青木 進,voter
EMP0275,19980322,小野 湊,voter
EMP0276,19720405,安藤 幸一,voter
EMP0277,19820917,藤原 敏夫,voter
EMP0278,19890209,松井 陽子,voter
EMP0279,19901013,浜田 明美,voter
EMP0280,19810305,佐藤 悠斗,voter
EMP0281,19650506,松本 浩二,voter
EMP0282,19760917,内田 二郎,voter
EMP0283,19720627,野口 直美,voter
EMP0284,19871106,高木 恵子,voter
EMP0285,19910416,浜田 大輔,voter
EMP0286,19800824,長谷川 弘子,voter
EMP0287,19720228,長谷川 美月,voter
EMP0288,19870406,酒井 理恵,voter
EMP0289,19850525,望月 信二,voter
EMP0290,19890903,吉田 結衣,voter
EMP0291,19951004,森 拓也,voter
EMP0292,19760919,後藤 裕子,voter
EMP0293,19750604,太田 花子,voter
EMP0294,19670324,福田 京子,voter
EMP0295,19680215,木村 進,voter
EMP0296,19861002,池田 亮太,voter
EMP0297,19770725,新井 七海,voter
EMP0298,19900611,酒井 陽子,voter
EMP0299,19700317,長谷川 颯太,voter
EMP0300,19750920,原田 結衣,voter
EMP0301,19981109,小川 秀樹,voter
EMP0302,19980718,田中 修,voter
EMP0303,19880405,鈴木 裕子,voter
EMP0304,20000901,秋山 達也,voter
EMP0305,19770106,福田 光一,voter
EMP0306,19750718,松本 大翔,voter
EMP0307,19670319,石川 正人,voter
EMP0308,19980216,長谷川 陽太,voter
EMP0309,19660222,山田 博,voter
EMP0310,19681007,森田 恵子,voter
EMP0311,19780311,中野 大翔,voter
EMP0312,19750801,山口 一郎,voter
EMP0313,19670724,原 七海,voter
EMP0314,20000827,長谷川 陸,voter
EMP0315,20000912,遠藤 洋子,voter
EMP0316,19940428,石田 隆,voter
EMP0317,19850401,柴田 陽太,voter
EMP0318,19960705,大塚 太郎,voter
EMP0319,19741004,阿部 さくら,voter
EMP0320,19710725,原 太郎,voter
EMP0321,19860406,酒井 京子,voter
EMP0322,19720801,中山 明美,voter
EMP0323,19650219,前田 太郎,voter
EMP0324,19770807,青木 大翔,voter
EMP0325,19770113,遠藤 翔太,voter
EMP0326,19900126,西村 隆,voter
EMP0327,19820417,中川 秀樹,voter
EMP0328,19860405,秋山 博,voter
EMP0329,19890911,石田 さくら,voter
EMP0330,19740919,岡田 久美子,voter
EMP0331,19910628,松本 信二,voter
EMP0332,19710425,松田 博,voter
EMP0333,19790820,渡辺 誠,voter
EMP0334,19990224,福田 達也,voter
EMP0335,20000701,竹内 修,voter
EMP0336,19720915,原 勇,voter
EMP0337,19720911,岡本 亮太,voter
EMP0338,19851118,久保田 悠太,voter
EMP0339,19691226,宮本 和子,voter
EMP0340,19720927,小川 洋子,voter
EMP0341,19830309,吉田 和子,voter
EMP0342,19960811,井上 美咲,voter
EMP0343,19700727,三浦 心春,voter
EMP0344,19941223,中村 典子,voter
EMP0345,19781223,福田 健太,voter
EMP0346,19920527,塚本 七海,voter
EMP0347,19870711,松本 颯太,voter
EMP0348,19820901,山本 浩二,voter
EMP0349,19790913,阿部 三郎,voter
EMP0350,19950701,和田 二郎,voter
EMP0351,19981108,西村 大輔,voter
EMP0352,20001028,木村 光一,voter
EMP0353,19720606,小島 結衣,voter
EMP0354,19780923,島田 直美,voter
EMP0355,19840606,安藤 心春,voter
EMP0356,19670727,青木 美咲,voter
EMP0357,19900917,丸山 太郎,voter
EMP0358,19821017,北村 京子,voter
EMP0359,19970111,池田 亮太,voter
EMP0360,20000228,金子 幸子,voter
EMP0361,19881015,丸山 陽太,voter
EMP0362,19871004,服部 悠太,voter
EMP0363,19830325,渡辺 秀樹,voter
EMP0364,19951109,原 大翔,voter
EMP0365,19970123,小島 二郎,voter
EMP0366,19861020,市川 誠,voter
EMP0367,19841121,福田 大翔,voter
EMP0368,19980303,加藤 蓮,voter
EMP0369,19790803,西村 和彦,voter
EMP0370,19691112,中山 美咲,voter
EMP0371,19790313,松本 太郎,voter
EMP0372,19660905,原田 誠,voter
EMP0373,20000910,服部 理恵,voter
EMP0374,19891108,山田 直美,voter
EMP0375,19970416,山口 敏夫,voter
EMP0376,19700627,三浦 修,voter
EMP0377,19770320,中島 悠斗,voter
EMP0378,19690523,野口 陽太,voter
EMP0379,19881012,高橋 太郎,voter
EMP0380,19870201,吉田 幸子,voter
EMP0381,19731110,橋本 隆,voter
EMP0382,19790302,村上 大輔,voter
EMP0383,19891211,市川 朝陽,voter
EMP0384,19900511,金子 恵子,voter
EMP0385,19730904,中川 和彦,voter
EMP0386,19750102,木村 進,voter
EMP0387,19721215,佐々木 理恵,voter
EMP0388,19950108,平野 花子,voter
EMP0389,19951206,土屋 恵子,voter
EMP0390,19780514,久保 陽子,voter
EMP0391,19750823,小川 彩花,voter
EMP0392,19870512,松尾 陽太,voter
EMP0393,19921127,安藤 亮太,voter
EMP0394,19870710,野口 博,voter
EMP0395,19650118,野村 凛,voter
EMP0396,19840905,野口 理恵,voter
EMP0397,19861008,阿部 節子,voter
EMP0398,19771008,藤原 美紀,voter
EMP0399,19780105,橋本 大翔,voter
EMP0400,19731021,岩崎 和彦,voter
EMP0401,19920617,酒井 勇,voter
EMP0402,19860204,望月 隆,voter
EMP0403,19780205,大野 美月,voter
EMP0404,19820125,久保 陸,voter
EMP0405,19780402,岩崎 湊,voter
EMP0406,19670922,小川 弘,voter
EMP0407,19931020,岡田 蓮,voter
EMP0408,19790801,松尾 信二,voter
EMP0409,19791125,菊地 陽菜,voter
EMP0410,19771004,小島 恵子,voter
EMP0411,19950618,服部 健一,voter
EMP0412,19901105,内田 豊,voter
EMP0413,19820207,浜田 三郎,voter
EMP0414,19921124,桜井 理恵,voter
EMP0415,19760110,三宅 さくら,voter
EMP0416,19750708,杉山 亮太,voter
EMP0417,19891103,野口 直樹,voter
EMP0418,19870503,平野 隆,voter
EMP0419,19700902,三宅 大輔,voter
EMP0420,19860906,田中 由美子,voter
EMP0421,19721128,松田 清,voter
EMP0422,19830827,佐藤 光一,voter
EMP0423,19680403,丸山 博,voter
EMP0424,19970215,中山 健太,voter
EMP0425,19740606,石田 陸,voter
EMP0426,19970319,木下 弘子,voter
EMP0427,19860803,片山 裕子,voter
EMP0428,19730512,高木 誠,voter
EMP0429,19900603,平野 七海,voter
EMP0430,19910404,柴田 達也,voter
EMP0431,19910702,石田 翔太,voter
EMP0432,19781123,杉山 大輔,voter
EMP0433,19860514,岡本 幸子,voter
EMP0434,19700311,太田 美月,voter
EMP0435,19660718,阿部 花子,voter
EMP0436,19670523,池田 幸子,voter
EMP0437,20000308,青木 和也,voter
EMP0438,19930323,坂本 三郎,voter
EMP0439,19900423,大塚 蓮,voter
EMP0440,19850428,野村 結衣,voter
EMP0441,19750128,浜田 清,voter
EMP0442,19980307,新井 典子,voter
EMP0443,19830813,石川 和也,voter
EMP0444,19750212,加藤 悠太,voter
EMP0445,19820815,小林 遥,voter
EMP0446,19811202,菊地 浩二,voter
EMP0447,20001016,吉田 和彦,voter
EMP0448,19830111,和田 洋子,voter
EMP0449,19950405,工藤 明美,voter
EMP0450,19811224,岩崎 颯太,voter
EMP0451,19801017,森田 陽子,voter
EMP0452,19660724,横山 節子,voter
EMP0453,19670516,中村 凛,voter
EMP0454,19960111,石田 拓也,voter
EMP0455,19831008,伊藤 一郎,voter
EMP0456,19910209,福田 美月,voter
EMP0457,19720406,今井 博,voter
EMP0458,20001001,前田 陸,voter
EMP0459,19670103,野村 節子,voter
EMP0460,19791128,橋本 陽子,voter
EMP0461,19900610,森 さくら,voter
EMP0462,19800910,岡本 結衣,voter
EMP0463,19930708,木村 二郎,voter
EMP0464,19950312,佐々木 博,voter
EMP0465,19870721,金子 裕子,voter
EMP0466,19840217,上田 達也,voter
EMP0467,19920111,田中 拓也,voter
EMP0468,19850812,中山 太郎,voter
EMP0469,20000320,宮崎 弘子,voter
EMP0470,19840211,森 悠太,voter
EMP0471,19910316,高木 颯太,voter
EMP0472,19721202,松尾 明美,voter
EMP0473,19760118,小川 明美,voter
EMP0474,19650802,金子 大輔,voter
EMP0475,19831025,森田 直美,voter
EMP0476,19910613,久保田 颯太,voter
EMP0477,19921128,竹内 理恵,voter
EMP0478,19930506,谷口 秀樹,voter
EMP0479,19790511,服部 さくら,voter
EMP0480,19711228,山口 愛,voter
EMP0481,19660211,松田 豊,voter
EMP0482,19951010,山田 颯太,voter
EMP0483,19911009,丸山 清,voter
EMP0484,19830919,横山 結衣,voter
EMP0485,19980120,村上 和也,voter
EMP0486,19890822,森 結衣,voter
EMP0487,19760310,酒井 和彦,voter
EMP0488,19721208,岡田 進,voter
EMP0489,19770603,服部 誠,voter
EMP0490,19870723,井上 清,voter
EMP0491,19830508,木村 豊,voter
EMP0492,19780414,藤原 大翔,voter
EMP0493,19931209,坂本 大輔,voter
EMP0494,19870603,松本 久美子,voter
EMP0495,19720522,新井 博,voter
EMP0496,19781018,谷口 明美,voter
EMP0497,19700212,藤原 美咲,voter
EMP0498,19770123,林 節子,voter
EMP0499,19870605,岡田 敏夫,voter
EMP0500,19940507,加藤 秀樹,voter
EMP0501,20000325,中野 誠,voter
EMP0502,19710214,石川 湊,voter
EMP0503,19920205,藤田 二郎,voter
EMP0504,19690424,大塚 大翔,voter
EMP0505,19650614,清水 真由美,voter
EMP0506,19950310,近藤 真由美,voter
EMP0507,19990215,森 直美,voter
EMP0508,19721220,小林 翔太,voter
EMP0509,19970413,千葉 美咲,voter
EMP0510,19840620,久保 勇,voter
EMP0511,19800707,木村 弘,voter
EMP0512,19950624,山本 三郎,voter
EMP0513,19980417,中山 健一,voter
EMP0514,19960426,大野 清,voter
EMP0515,19910314,片山 花子,voter
EMP0516,19861219,松尾 朝陽,voter
EMP0517,19910321,久保田 敏夫,voter
EMP0518,19960919,工藤 さくら,voter
EMP0519,19950507,久保 健一,voter
EMP0520,19960407,福島 陸,voter
EMP0521,19730515,市川 陽子,voter
EMP0522,19711112,酒井 隆,voter
EMP0523,19810220,鈴木 久美子,voter
EMP0524,19980511,浜田 勇,voter
EMP0525,19860101,原田 幸子,voter
EMP0526,19730716,安藤 三郎,voter
EMP0527,19980319,工藤 颯太,voter
EMP0528,19690106,岡田 敏夫,voter
EMP0529,19690328,福田 隆,voter
EMP0530,19940512,村上 彩花,voter
EMP0531,19650827,上田 隆,voter
EMP0532,19660413,工藤 花子,voter
EMP0533,19840715,高橋 隆,voter
EMP0534,19830920,石川 遥,voter
EMP0535,19860627,杉山 太郎,voter
EMP0536,19790211,木下 翔太,voter
EMP0537,19751216,宮本 正人,voter
EMP0538,19831213,秋山 拓也,voter
EMP0539,19970619,千葉 智子,voter
EMP0540,19790619,河野 典子,voter
EMP0541,19880717,石田 典子,voter
EMP0542,19840128,市川 誠,voter
EMP0543,19691003,高橋 和也,voter
EMP0544,19751124,長谷川 陸,voter
EMP0545,19991221,後藤 陸,voter
EMP0546,19690810,森田 誠,voter
EMP0547,19741024,鈴木 和也,voter
EMP0548,19931207,安藤 京子,voter
EMP0549,19951221,竹内 凛,voter
EMP0550,19860215,坂本 明美,voter
EMP0551,20001105,柴田 浩二,voter
EMP0552,19700722,望月 誠,voter
EMP0553,19810326,小島 久美子,voter
EMP0554,19941216,千葉 幸子,voter
EMP0555,19760722,中川 大輔,voter
EMP0556,19751125,新井 理恵,voter
EMP0557,19731024,鈴木 真由美,voter
EMP0558,19990207,大野 翔太,voter
EMP0559,19800201,中川 勇,voter
EMP0560,19760717,内田 翔太,voter
EMP0561,19680106,鈴木 美咲,voter
EMP0562,19810210,山口 幸子,voter
EMP0563,19680924,鈴木 幸子,voter
EMP0564,19771012,千葉 勇,voter
EMP0565,19910119,竹内 陸,voter
EMP0566,19741103,田中 一郎,voter
EMP0567,19650805,村上 幸子,voter
EMP0568,19900914,鈴木 亮太,voter
EMP0569,19650301,宮本 直樹,voter
EMP0570,19781117,今井 誠,voter
EMP0571,19720214,林 敏夫,voter
EMP0572,19680712,小林 博,voter
EMP0573,19650609,山本 修,voter
EMP0574,19950917,森田 達也,voter
EMP0575,19690620,新井 健太,voter
EMP0576,19850316,谷口 美月,voter
EMP0577,19910506,後藤 七海,voter
EMP0578,19830121,岩崎 太郎,voter
EMP0579,19920828,福田 湊,voter
EMP0580,19750409,大野 雄太,voter
EMP0581,19700519,小林 博,voter
EMP0582,19880304,杉山 弘,voter
EMP0583,19670124,清水 智子,voter
EMP0584,19970525,安藤 和彦,voter
EMP0585,19960708,石田 久美子,voter
EMP0586,20000909,佐藤 敏夫,voter
EMP0587,19860110,藤原 和彦,voter
EMP0588,19860314,加藤 結衣,voter
EMP0589,20000703,加藤 彩花,voter
EMP0590,19700514,松本 幸子,voter
EMP0591,19920705,山本 美紀,voter
EMP0592,19650311,福田 恵子,voter
EMP0593,19721011,伊藤 智子,voter
EMP0594,19670717,野村 陽菜,voter
EMP0595,19840918,吉田 裕子,voter
EMP0596,19990213,前田 二郎,voter
EMP0597,19920225,藤井 愛,voter
EMP0598,19840911,鈴木 さくら,voter
EMP0599,20000211,林 典子,voter
EMP0600,19930316,塚本 陸,voter
EMP0601,19960809,横山 達也,voter
EMP0602,19750424,塚本 浩二,voter
EMP0603,19710226,渡辺 誠,voter
EMP0604,19691111,千葉 悠斗,voter
EMP0605,19881217,市川 典子,voter
EMP0606,19930916,後藤 弘子,voter
EMP0607,19970719,北村 湊,voter
EMP0608,19960516,三浦 直美,voter
EMP0609,19930708,宮崎 直美,voter
EMP0610,19890511,中村 勇,voter
EMP0611,19931017,望月 修,voter
EMP0612,19681220,渡辺 修,voter
EMP0613,19940427,後藤 悠太,voter
EMP0614,19900601,藤原 さくら,voter
EMP0615,19930212,山田 豊,voter
EMP0616,19711122,内田 遥,voter
EMP0617,19730111,佐々木 典子,voter
EMP0618,19930905,加藤 明美,voter
EMP0619,19940412,藤田 直美,voter
EMP0620,19650406,清水 陽太,voter
EMP0621,20001202,後藤 愛,voter
EMP0622,19741008,久保田 太郎,voter
EMP0623,19910424,伊藤 陽子,voter
EMP0624,19730404,工藤 陽太,voter
EMP0625,19970919,高橋 和子,voter
EMP0626,19860606,久保田 一郎,voter
EMP0627,19700103,新井 三郎,voter
EMP0628,19650209,長谷川 美咲,voter
EMP0629,19890818,望月 裕子,voter
EMP0630,19790601,桜井 清,voter
EMP0631,19911107,小林 陽子,voter
EMP0632,19681003,原田 大翔,voter
EMP0633,19940204,中川 和彦,voter
EMP0634,19730917,吉田 湊,voter
EMP0635,19720204,望月 和子,voter
EMP0636,19760613,山口 二郎,voter
EMP0637,19801227,小野 二郎,voter
EMP0638,19990923,森田 由美子,voter
EMP0639,19700626,竹内 敏夫,voter
EMP0640,19851210,山田 花子,voter
EMP0641,19650702,久保田 彩花,voter
EMP0642,19820411,大塚 花子,voter
EMP0643,19791128,市川 悠太,voter
EMP0644,19790108,土屋 敏夫,voter
EMP0645,19940913,石田 大翔,voter
EMP0646,19910528,松尾 信二,voter
EMP0647,19830517,北村 大翔,voter
EMP0648,19961118,山本 博,voter
EMP0649,19810612,杉山 陽子,voter
EMP0650,19980421,原田 颯太,voter
EMP0651,20001009,松本 信二,voter
EMP0652,19740919,浜田 陸,voter
EMP0653,19700711,小島 京子,voter
EMP0654,19670101,平野 彩花,voter
EMP0655,19840617,宮本 明美,voter
EMP0656,19660607,阿部 二郎,voter
EMP0657,19720727,中山 信二,voter
EMP0658,19911018,青木 悠太,voter
EMP0659,20001220,石川 陸,voter
EMP0660,19900217,塚本 久美子,voter
EMP0661,19840113,酒井 颯太,voter
EMP0662,19870218,島田 遥,voter
EMP0663,19990114,片山 花子,voter
EMP0664,19970712,石川 結衣,voter
EMP0665,19880326,横山 花子,voter
EMP0666,19810805,小川 進,voter
EMP0667,19910420,桜井 彩花,voter
EMP0668,19740209,服部 悠太,voter
EMP0669,19931007,横山 亮太,voter
EMP0670,19911017,大野 弘,voter
EMP0671,19691101,藤井 真由美,voter
EMP0672,19851018,市川 洋子,voter
EMP0673,19940705,新井 光一,voter
EMP0674,19911005,青木 明美,voter
EMP0675,19850804,塚本 洋子,voter
EMP0676,19981015,菅原 理恵,voter
EMP0677,19810416,横山 陽子,voter
EMP0678,19991107,村上 蓮,voter
EMP0679,19770823,岡本 清,voter
EMP0680,19721105,杉山 心春,voter
EMP0681,19980913,近藤 朝陽,voter
EMP0682,19771017,森 幸子,voter
EMP0683,19950414,平野 進,voter
EMP0684,19670309,宮崎 遥,voter
EMP0685,19741116,新井 典子,voter
EMP0686,19761227,近藤 正人,voter
EMP0687,19921210,福島 秀樹,voter
EMP0688,19920626,望月 正人,voter
EMP0689,19920318,遠藤 典子,voter
EMP0690,19860217,高木 拓也,voter
EMP0691,19720116,平野 翔太,voter
EMP0692,19730820,秋山 拓也,voter
EMP0693,19940928,谷口 愛,voter
EMP0694,19840810,大野 直美,voter
EMP0695,19810516,酒井 颯太,voter
EMP0696,19980515,服部 朝陽,voter
EMP0697,19660806,井上 太郎,voter
EMP0698,19661114,阿部 隆,voter
EMP0699,19710824,安藤 結衣,voter
EMP0700,19810906,久保田 進,voter
EMP0701,19910227,阿部 勇,voter
EMP0702,19670301,木村 雄太,voter
EMP0703,19770211,近藤 進,voter
EMP0704,19730125,小川 直樹,voter
EMP0705,19750109,和田 隆,voter
EMP0706,19731217,松本 秀樹,voter
EMP0707,19720815,佐々木 隆,voter
EMP0708,19970602,吉田 七海,voter
EMP0709,19840918,三浦 久美子,voter
EMP0710,19900214,桜井 信二,voter
EMP0711,19880405,橋本 蓮,voter
EMP0712,19830220,松井 浩二,voter
EMP0713,19800123,宮本 幸子,voter
EMP0714,19880823,福田 由美子,voter
EMP0715,19950619,野口 陽太,voter
EMP0716,19750226,西村 恵子,voter
EMP0717,19771120,谷口 敏夫,voter
EMP0718,19880520,石川 颯太,voter
EMP0719,19780311,塚本 結衣,voter
EMP0720,19690816,木村 一郎,voter
EMP0721,19840424,金子 陽子,voter
EMP0722,19840409,谷口 悠斗,voter
EMP0723,19720508,青木 さくら,voter
EMP0724,19930509,岩崎 弘,voter
EMP0725,19650820,岩崎 颯太,voter
EMP0726,19781104,佐々木 拓也,voter
EMP0727,19700726,山口 弘子,voter
EMP0728,19921102,石川 陸,voter
EMP0729,19911121,山口 豊,voter
EMP0730,19781128,佐々木 直樹,voter
EMP0731,19760527,中川 三郎,voter
EMP0732,19870810,松井 博,voter
EMP0733,20000405,山田 弘子,voter
EMP0734,19701002,久保田 久美子,voter
EMP0735,19960518,塚本 彩花,voter
EMP0736,19851115,木村 愛,voter
EMP0737,19790924,坂本 和子,voter
EMP0738,19960616,千葉 美紀,voter
EMP0739,19870510,岡田 大輔,voter
EMP0740,19710522,服部 朝陽,voter
EMP0741,19880820,菊地 真由美,voter
EMP0742,19830223,大野 太郎,voter
EMP0743,19991213,松尾 敏夫,voter
EMP0744,19860726,丸山 拓也,voter
EMP0745,19670826,林 蓮,voter
EMP0746,19910528,阿部 陽子,voter
EMP0747,19800912,原田 雄太,voter
EMP0748,19751221,清水 大輔,voter
EMP0749,19920504,河野 雄太,voter
EMP0750,19860213,山田 湊,voter
EMP0751,19981208,近藤 博,voter
EMP0752,19660903,木村 恵子,voter
EMP0753,19850110,野村 太郎,voter
EMP0754,20001206,山田 美紀,voter
EMP0755,19831128,松尾 健一,voter
EMP0756,19651204,柴田 健太,voter
EMP0757,19741016,金子 幸子,voter
EMP0758,19700222,森田 さくら,voter
EMP0759,19770928,中村 京子,voter
EMP0760,19700402,原田 進,voter
EMP0761,19890519,松井 博,voter
EMP0762,19890321,柴田 雄太,voter
EMP0763,19931125,小島 悠斗,voter
EMP0764,20000115,山田 大翔,voter
EMP0765,19780815,杉山 三郎,voter
EMP0766,19740614,岩崎 和子,voter
EMP0767,19810122,藤井 由美子,voter
EMP0768,19840620,宮本 裕子,voter
EMP0769,19920621,市川 朝陽,voter
EMP0770,19920923,小野 信二,voter
EMP0771,19790203,長谷川 雄太,voter
EMP0772,19900814,野村 恵子,voter
EMP0773,19650123,菅原 美紀,voter
EMP0774,19880625,和田 愛,voter
EMP0775,19761215,中野 幸子,voter
EMP0776,19910921,鈴木 弘,voter
EMP0777,19870322,岩崎 豊,voter
EMP0778,20000106,和田 颯太,voter
EMP0779,19670919,橋本 真由美,voter
EMP0780,19950419,上田 弘子,voter
EMP0781,19671120,和田 美咲,voter
EMP0782,19820415,福島 颯太,voter
EMP0783,19710203,松田 蓮,voter
EMP0784,19970404,山田 京子,voter
EMP0785,19820306,福田 京子,voter
EMP0786,20000315,酒井 健一,voter
EMP0787,19690610,前田 隆,voter
EMP0788,19970427,松尾 久美子,voter
EMP0789,19720920,片山 花子,voter
EMP0790,19750903,藤井 清,voter
EMP0791,19850125,山本 花子,voter
EMP0792,20000210,長谷川 浩二,voter
EMP0793,19950302,池田 誠,voter
EMP0794,19651117,藤田 美咲,voter
EMP0795,19830610,福田 颯太,voter
EMP0796,19980423,秋山 翔太,voter
EMP0797,19960709,高橋 雄太,voter
EMP0798,19920818,松井 清,voter
EMP0799,19930222,岡本 雄太,voter
EMP0800,19800222,前田 弘,voter
EMP0801,19680912,杉山 和也,voter
EMP0802,19740328,浜田 秀樹,voter
EMP0803,19830901,小川 美紀,voter
EMP0804,19890322,木下 敏夫,voter
EMP0805,19751124,今井 美咲,voter
EMP0806,19710314,谷口 陽菜,voter
EMP0807,19880726,浜田 弘,voter
EMP0808,19870416,丸山 京子,voter
EMP0809,19950207,河野 美紀,voter
EMP0810,19810426,藤田 太郎,voter
EMP0811,19780901,青木 和也,voter
EMP0812,19921102,渡辺 湊,voter
EMP0813,19750205,岡田 誠,voter
EMP0814,19901023,山本 三郎,voter
EMP0815,19830807,土屋 朝陽,voter
EMP0816,19900528,佐藤 朝陽,voter
EMP0817,19851012,清水 典子,voter
EMP0818,19870410,高木 幸子,voter
EMP0819,19860722,井上 愛,voter
EMP0820,19900804,林 直樹,voter
EMP0821,19670905,藤田 秀樹,voter
EMP0822,19790525,三浦 達也,voter
EMP0823,19830512,木村 信二,voter
EMP0824,19750909,伊藤 朝陽,voter
EMP0825,19901209,藤原 太郎,voter
EMP0826,19980909,菊地 陽太,voter
EMP0827,19700325,原 大翔,voter
EMP0828,19680626,竹内 健一,voter
EMP0829,19810616,松本 陽菜,voter
EMP0830,19720426,桜井 明美,voter
EMP0831,19740523,渡辺 陽子,voter
EMP0832,19970205,平野 隆,voter
EMP0833,19960210,秋山 光一,voter
EMP0834,19790424,堀 二郎,voter
EMP0835,19830216,横山 恵子,voter
EMP0836,19750318,横山 太郎,voter
EMP0837,19910520,石田 修,voter
EMP0838,19930518,杉山 幸一,voter
EMP0839,19720527,坂本 清,voter
EMP0840,19931028,橋本 和彦,voter
EMP0841,19871109,松田 颯太,voter
EMP0842,19990920,菊地 幸一,voter
EMP0843,19871023,西村 和子,voter
EMP0844,19830622,藤井 遥,voter
EMP0845,19700515,谷口 正人,voter
EMP0846,19870722,秋山 大翔,voter
EMP0847,19891117,塚本 湊,voter
EMP0848,19770920,柴田 凛,voter
EMP0849,19650313,菅原 誠,voter
EMP0850,19870117,小川 亮太,voter
EMP0851,19850614,長谷川 進,voter
EMP0852,19950516,石田 和也,voter
EMP0853,19671009,松本 恵子,voter
EMP0854,19810605,三宅 陸,voter
EMP0855,19750209,後藤 由美子,voter
EMP0856,19880602,野口 遥,voter
EMP0857,19850714,小川 直美,voter
EMP0858,19690623,鈴木 美紀,voter
EMP0859,19980420,秋山 心春,voter
EMP0860,19900327,中島 由美子,voter
EMP0861,19711119,三浦 大輔,voter
EMP0862,19780802,菊地 陽太,voter
EMP0863,19780807,長谷川 陽菜,voter
EMP0864,19951003,野口 和子,voter
EMP0865,19840328,福田 朝陽,voter
EMP0866,19880214,今井 和彦,voter
EMP0867,19670628,中山 和子,voter
EMP0868,19680704,岡本 弘子,voter
EMP0869,19930624,加藤 彩花,voter
EMP0870,19760527,山口 恵子,voter
EMP0871,19840705,菊地 美紀,voter
EMP0872,19990419,西村 直樹,voter
EMP0873,19780209,秋山 三郎,voter
EMP0874,19710814,安藤 正人,voter
EMP0875,19780411,村上 二郎,voter
EMP0876,19980214,山田 由美子,voter
EMP0877,19790707,新井 光一,voter
EMP0878,19941228,藤田 凛,voter
EMP0879,19750213,伊藤 修,voter
EMP0880,19951010,小野 直樹,voter
EMP0881,19980805,野村 凛,voter
EMP0882,19820120,服部 三郎,voter
EMP0883,19960923,橋本 勇,voter
EMP0884,19720905,遠藤 和子,voter
EMP0885,19860313,野村 京子,voter
EMP0886,19790320,中山 亮太,voter
EMP0887,19891222,福島 悠斗,voter
EMP0888,19900222,菅原 蓮,voter
EMP0889,19780913,福田 幸子,voter
EMP0890,19930713,岡本 隆,voter
EMP0891,19981001,今井 直美,voter
EMP0892,19740812,田中 智子,voter
EMP0893,19851214,千葉 和也,voter
EMP0894,19880413,青木 悠斗,voter
EMP0895,19800621,中島 由美子,voter
EMP0896,19830325,長谷川 花子,voter
EMP0897,19850421,浜田 花子,voter
EMP0898,19940418,田中 隆,voter
EMP0899,19940517,大塚 幸子,voter
EMP0900,19990509,吉田 京子,voter
EMP0901,19781210,酒井 凛,voter
EMP0902,19870119,原田 勇,voter
EMP0903,19920406,鈴木 正人,voter
EMP0904,19680806,堀 洋子,voter
EMP0905,19840325,佐々木 博,voter
EMP0906,19850513,堀 七海,voter
EMP0907,19810703,加藤 進,voter
EMP0908,19790504,河野 拓也,voter
EMP0909,19670204,岡田 信二,voter
EMP0910,19890909,藤原 愛,voter
EMP0911,19671018,千葉 和子,voter
EMP0912,19680613,宮崎 博,voter
EMP0913,19880326,安藤 光一,voter
EMP0914,19870401,上田 幸子,voter
EMP0915,19830426,池田 敏夫,voter
EMP0916,19880107,藤田 由美子,voter
EMP0917,19730328,大野 美紀,voter
EMP0918,19920707,杉山 凛,voter
EMP0919,19760620,堀 健一,voter
EMP0920,19670519,松井 翔太,voter
EMP0921,19700205,井上 湊,voter
EMP0922,19930622,藤田 美紀,voter
EMP0923,19660104,山本 健一,voter
EMP0924,19671219,丸山 智子,voter
EMP0925,19920514,安藤 秀樹,voter
EMP0926,19721105,服部 蓮,voter
EMP0927,19751118,太田 朝陽,voter
EMP0928,19730505,中山 蓮,voter
EMP0929,19800310,杉山 進,voter
EMP0930,19910827,柴田 洋子,voter
EMP0931,20000127,岩崎 節子,voter
EMP0932,19670609,坂本 心春,voter
EMP0933,19950214,木村 智子,voter
EMP0934,19970707,島田 幸一,voter
EMP0935,19770627,市川 陸,voter
EMP0936,19950203,林 明美,voter
EMP0937,19680807,三宅 弘,voter
EMP0938,19961005,中島 豊,voter
EMP0939,19820101,井上 雄太,voter
EMP0940,19880913,近藤 洋子,voter
EMP0941,19790902,藤田 美咲,voter
EMP0942,19920803,山本 悠太,voter
EMP0943,19961014,佐藤 久美子,voter
EMP0944,19650519,桜井 湊,voter
EMP0945,19721111,新井 健一,voter
EMP0946,19881202,塚本 進,voter
EMP0947,19690421,石田 太郎,voter
EMP0948,19790408,菊地 一郎,voter
EMP0949,19970226,望月 修,voter
EMP0950,19680119,岡田 幸一,voter
EMP0951,19790805,谷口 光一,voter
EMP0952,19880618,中村 明美,voter
EMP0953,19730625,竹内 直樹,voter
EMP0954,19951118,宮本 裕子,voter
EMP0955,19730317,藤田 正人,voter
EMP0956,19940107,片山 美月,voter
EMP0957,19781102,松本 和彦,voter
EMP0958,19790525,石田 信二,voter
EMP0959,19920824,中野 拓也,voter
EMP0960,19770824,宮崎 さくら,voter
EMP0961,19660523,近藤 弘,voter
EMP0962,19980925,今井 正人,voter
EMP0963,19701017,桜井 真由美,voter
EMP0964,19931116,村上 陽子,voter
EMP0965,19710525,新井 由美子,voter
EMP0966,19810403,小野 和彦,voter
EMP0967,19731009,土屋 愛,voter
EMP0968,19980401,小野 弘,voter
EMP0969,19771121,清水 悠斗,voter
EMP0970,19950403,遠藤 陽菜,voter
EMP0971,19660223,和田 美紀,voter
EMP0972,19840225,宮本 豊,voter
EMP0973,19910524,木村 凛,voter
EMP0974,19650416,久保 陸,voter
EMP0975,19930308,田中 洋子,voter
EMP0976,19910404,小島 裕子,voter
EMP0977,19770217,宮本 美月,voter
EMP0978,19830701,服部 和子,voter
EMP0979,19830518,木下 陽太,voter
EMP0980,19900526,千葉 健太,voter
EMP0981,19920628,岡田 清,voter
EMP0982,19870809,村上 太郎,voter
EMP0983,19840326,西村 和子,voter
EMP0984,19970510,内田 陽菜,voter
EMP0985,19731004,松本 豊,voter
EMP0986,19761228,鈴木 湊,voter
EMP0987,19730720,青木 陽菜,voter
EMP0988,19860726,清水 太郎,voter
EMP0989,19890903,今井 愛,voter
EMP0990,19860228,久保田 節子,voter
EMP0991,19810205,三浦 美月,voter
EMP0992,19770921,佐々木 颯太,voter
EMP0993,19750301,木下 典子,voter